Datetime1,Flow SLPM,Datetime2,CO2 ppm,Datetime3,VE,Datetime3,VE over VCO2,Datetime4,CO2Peak
2022-07-18 17:20:11.806361,-15.08,,,,,,,,
2022-07-18 17:20:11.856430,-14.61,,,,,,,,
2022-07-18 17:20:11.906667,-13.99,,,,,,,,
2022-07-18 17:20:11.957216,-13.21,,,,,,,,
2022-07-18 17:20:12.008445,-13.06,,,,,,,,
,,2022-07-18 17:20:12.029668,1300.0,,,,,,
2022-07-18 17:20:12.059033,-12.82,,,,,,,,
,,2022-07-18 17:20:12.079778,1240.0,,,,,,
2022-07-18 17:20:12.109652,-12.4,,,,,,,,
,,2022-07-18 17:20:12.130684,1240.0,,,,,,
2022-07-18 17:20:12.159965,-12.43,,,,,,,,
,,2022-07-18 17:20:12.181168,1290.0,,,,,,
2022-07-18 17:20:12.210306,-12.48,,,,,,,,
,,2022-07-18 17:20:12.231205,1350.0,,,,,,
2022-07-18 17:20:12.260613,-12.45,,,,,,,,
,,2022-07-18 17:20:12.281429,1480.0,,,,,,
2022-07-18 17:20:12.311760,-12.37,,,,,,,,
,,2022-07-18 17:20:12.331673,1410.0,,,,,,
2022-07-18 17:20:12.362919,-12.62,,,,,,,,
,,2022-07-18 17:20:12.382565,1330.0,,,,,,
2022-07-18 17:20:12.413256,-12.69,,,,,,,,
,,2022-07-18 17:20:12.433723,1330.0,,,,,,
2022-07-18 17:20:12.464378,-11.75,,,,,,,,
,,2022-07-18 17:20:12.484011,1270.0,,,,,,
2022-07-18 17:20:12.514919,-10.87,,,,,,,,
,,2022-07-18 17:20:12.534526,1390.0,,,,,,
2022-07-18 17:20:12.565718,-10.88,,,,,,,,
,,2022-07-18 17:20:12.585113,1350.0,,,,,,
2022-07-18 17:20:12.616057,-8.43,,,,,,,,
,,2022-07-18 17:20:12.635645,1220.0,,,,,,
2022-07-18 17:20:12.666441,-5.99,,,,,,,,
,,2022-07-18 17:20:12.685894,1270.0,,,,,,
2022-07-18 17:20:12.716786,-4.93,,,,,,,,
,,2022-07-18 17:20:12.736079,1320.0,,,,,,
2022-07-18 17:20:12.767311,1.41,,,,,,,,
,,2022-07-18 17:20:12.786315,1340.0,,,,,,
2022-07-18 17:20:12.817380,10.69,,,,,,,,
,,2022-07-18 17:20:12.836596,1320.0,,,,,,
2022-07-18 17:20:12.867621,16.19,,,,,,,,
,,2022-07-18 17:20:12.887213,1330.0,,,,,,
2022-07-18 17:20:12.918072,20.02,,,,,,,,
,,2022-07-18 17:20:12.937973,1360.0,,,,,,
2022-07-18 17:20:12.968222,22.26,,,,,,,,
,,2022-07-18 17:20:12.989076,1380.0,,,,,,
2022-07-18 17:20:13.018567,23.65,,,,,,,,
,,2022-07-18 17:20:13.040060,1330.0,,,,,,
2022-07-18 17:20:13.069098,24.53,,,,,,,,
,,2022-07-18 17:20:13.090508,1320.0,,,,,,
2022-07-18 17:20:13.119757,25.32,,,,,,,,
,,2022-07-18 17:20:13.140751,1360.0,,,,,,
2022-07-18 17:20:13.170014,26.15,,,,,,,,
,,2022-07-18 17:20:13.191091,1350.0,,,,,,
2022-07-18 17:20:13.220221,26.92,,,,,,,,
,,2022-07-18 17:20:13.241780,1370.0,,,,,,
2022-07-18 17:20:13.271641,27.47,,,,,,,,
,,2022-07-18 17:20:13.292645,1330.0,,,,,,
2022-07-18 17:20:13.321851,27.7,,,,,,,,
,,2022-07-18 17:20:13.342902,1270.0,,,,,,
2022-07-18 17:20:13.372139,26.85,,,,,,,,
,,2022-07-18 17:20:13.393514,1220.0,,,,,,
2022-07-18 17:20:13.422446,26.45,,,,,,,,
,,2022-07-18 17:20:13.443715,1240.0,,,,,,
2022-07-18 17:20:13.472927,27.07,,,,,,,,
,,2022-07-18 17:20:13.493918,1300.0,,,,,,
2022-07-18 17:20:13.523174,27.5,,,,,,,,
,,2022-07-18 17:20:13.544202,1500.0,,,,,,
2022-07-18 17:20:13.573207,27.78,,,,,,,,
,,2022-07-18 17:20:13.595284,2100.0,,,,,,
2022-07-18 17:20:13.623557,27.87,,,,,,,,
,,2022-07-18 17:20:13.645513,3230.0,,,,,,
2022-07-18 17:20:13.674582,28.07,,,,,,,,
,,2022-07-18 17:20:13.696301,5050.0,,,,,,
2022-07-18 17:20:13.725081,27.63,,,,,,,,
,,2022-07-18 17:20:13.747263,7740.0,,,,,,
2022-07-18 17:20:13.775777,27.4,,,,,,,,
,,2022-07-18 17:20:13.797984,11130.0,,,,,,
2022-07-18 17:20:13.826050,27.28,,,,,,,,
,,2022-07-18 17:20:13.848119,14710.0,,,,,,
2022-07-18 17:20:13.876814,27.08,,,,,,,,
,,2022-07-18 17:20:13.898504,18140.0,,,,,,
2022-07-18 17:20:13.927678,27.0,,,,,,,,
,,2022-07-18 17:20:13.948638,21700.0,,,,,,
2022-07-18 17:20:13.978774,26.65,,,,,,,,
,,2022-07-18 17:20:13.999117,25140.0,,,,,,
2022-07-18 17:20:14.029601,25.76,,,,,,,,
,,2022-07-18 17:20:14.049357,27640.0,,,,,,
2022-07-18 17:20:14.080256,25.21,,,,,,,,
,,2022-07-18 17:20:14.100300,29510.0,,,,,,
2022-07-18 17:20:14.131052,25.0,,,,,,,,
,,2022-07-18 17:20:14.150711,31400.0,,,,,,
2022-07-18 17:20:14.181875,24.62,,,,,,,,
,,2022-07-18 17:20:14.201018,33710.0,,,,,,
2022-07-18 17:20:14.232410,24.66,,,,,,,,
,,2022-07-18 17:20:14.251440,35140.0,,,,,,
2022-07-18 17:20:14.282734,24.68,,,,,,,,
,,2022-07-18 17:20:14.302426,35560.0,,,,,,
2022-07-18 17:20:14.333165,24.31,,,,,,,,
,,2022-07-18 17:20:14.353302,35900.0,,,,,,
2022-07-18 17:20:14.383452,23.54,,,,,,,,
,,2022-07-18 17:20:14.404286,36490.0,,,,,,
2022-07-18 17:20:14.433997,23.16,,,,,,,,
,,2022-07-18 17:20:14.455046,37840.0,,,,,,
2022-07-18 17:20:14.484960,22.37,,,,,,,,
,,2022-07-18 17:20:14.506044,37840.0,,,,,,
2022-07-18 17:20:14.535283,21.47,,,,,,,,
,,2022-07-18 17:20:14.556215,38240.0,,,,,,
2022-07-18 17:20:14.585523,21.43,,,,,,,,
,,2022-07-18 17:20:14.606417,39060.0,,,,,,
2022-07-18 17:20:14.636304,21.26,,,,,,,,
,,2022-07-18 17:20:14.657628,39190.0,,,,,,
2022-07-18 17:20:14.686509,20.32,,,,,,,,
,,2022-07-18 17:20:14.707646,39980.0,,,,,,
2022-07-18 17:20:14.737817,19.34,,,,,,,,
,,2022-07-18 17:20:14.759801,40340.0,,,,,,
2022-07-18 17:20:14.788315,18.47,,,,,,,,
,,2022-07-18 17:20:14.809302,40570.0,,,,,,
2022-07-18 17:20:14.838579,17.93,,,,,,,,
,,2022-07-18 17:20:14.859927,41370.0,,,,,,
2022-07-18 17:20:14.888910,17.91,,,,,,,,
,,2022-07-18 17:20:14.910036,41570.0,,,,,,
2022-07-18 17:20:14.939045,17.91,,,,,,,,
,,2022-07-18 17:20:14.961124,41380.0,,,,,,
2022-07-18 17:20:14.990275,17.49,,,,,,,,
,,2022-07-18 17:20:15.012276,41530.0,,,,,,
2022-07-18 17:20:15.040530,16.49,,,,,,,,
,,2022-07-18 17:20:15.062528,41770.0,,,,,,
2022-07-18 17:20:15.090926,16.65,,,,,,,,
,,2022-07-18 17:20:15.112931,41870.0,,,,,,
2022-07-18 17:20:15.142056,16.6,,,,,,,,
,,2022-07-18 17:20:15.163284,42360.0,,,,,,
2022-07-18 17:20:15.192823,16.21,,,,,,,,
,,2022-07-18 17:20:15.213476,41960.0,,,,,,
2022-07-18 17:20:15.243118,16.6,,,,,,,,
,,2022-07-18 17:20:15.264102,41520.0,,,,,,
2022-07-18 17:20:15.294042,16.94,,,,,,,,
,,2022-07-18 17:20:15.315042,41820.0,,,,,,
2022-07-18 17:20:15.344378,16.31,,,,,,,,
,,2022-07-18 17:20:15.365145,42260.0,,,,,,
2022-07-18 17:20:15.394883,15.77,,,,,,,,
,,2022-07-18 17:20:15.415503,42110.0,,,,,,
2022-07-18 17:20:15.445709,15.57,,,,,,,,
,,2022-07-18 17:20:15.466077,41670.0,,,,,,
2022-07-18 17:20:15.496405,15.81,,,,,,,,
,,2022-07-18 17:20:15.517231,42310.0,,,,,,
2022-07-18 17:20:15.547323,15.8,,,,,,,,
,,2022-07-18 17:20:15.567538,42250.0,,,,,,
2022-07-18 17:20:15.597820,15.75,,,,,,,,
,,2022-07-18 17:20:15.618699,42350.0,,,,,,
2022-07-18 17:20:15.648209,15.59,,,,,,,,
,,2022-07-18 17:20:15.668997,43190.0,,,,,,
2022-07-18 17:20:15.699007,15.16,,,,,,,,
,,2022-07-18 17:20:15.719097,43190.0,,,,,,
2022-07-18 17:20:15.749866,15.52,,,,,,,,
,,2022-07-18 17:20:15.770014,43290.0,,,,,,
2022-07-18 17:20:15.801013,15.79,,,,,,,,
,,2022-07-18 17:20:15.821069,43780.0,,,,,,
2022-07-18 17:20:15.851708,15.26,,,,,,,,
,,2022-07-18 17:20:15.871886,43590.0,,,,,,
2022-07-18 17:20:15.901933,14.59,,,,,,,,
,,2022-07-18 17:20:15.922281,42740.0,,,,,,
2022-07-18 17:20:15.953156,14.58,,,,,,,,
,,2022-07-18 17:20:15.973172,42740.0,,,,,,
2022-07-18 17:20:16.003453,14.46,,,,,,,,
,,2022-07-18 17:20:16.024139,43480.0,,,,,,
2022-07-18 17:20:16.053764,14.11,,,,,,,,
,,2022-07-18 17:20:16.074351,43880.0,,,,,,
2022-07-18 17:20:16.104576,13.74,,,,,,,,
,,2022-07-18 17:20:16.124670,43340.0,,,,,,
2022-07-18 17:20:16.155986,13.46,,,,,,,,
,,2022-07-18 17:20:16.175719,43340.0,,,,,,
2022-07-18 17:20:16.206884,13.5,,,,,,,,
,,2022-07-18 17:20:16.226894,43530.0,,,,,,
2022-07-18 17:20:16.257130,13.62,,,,,,,,
,,2022-07-18 17:20:16.277002,43630.0,,,,,,
2022-07-18 17:20:16.307388,12.5,,,,,,,,
,,2022-07-18 17:20:16.327232,44130.0,,,,,,
2022-07-18 17:20:16.357715,11.99,,,,,,,,
,,2022-07-18 17:20:16.377931,43190.0,,,,,,
2022-07-18 17:20:16.408003,12.93,,,,,,,,
,,2022-07-18 17:20:16.428079,42780.0,,,,,,
2022-07-18 17:20:16.458276,12.79,,,,,,,,
,,2022-07-18 17:20:16.478234,43780.0,,,,,,
2022-07-18 17:20:16.508630,12.15,,,,,,,,
,,2022-07-18 17:20:16.528821,44080.0,,,,,,
2022-07-18 17:20:16.558937,9.45,,,,,,,,
,,,,2022-07-18 17:20:16.559982,1.2494166666666666,,,,
,,2022-07-18 17:20:16.579100,43930.0,,,,,,
2022-07-18 17:20:16.609690,-5.56,,,,,,,,
,,2022-07-18 17:20:16.629905,44230.0,,,,,,
2022-07-18 17:20:16.659763,-22.44,,,,,,,,
,,2022-07-18 17:20:16.680124,44330.0,,,,,,
2022-07-18 17:20:16.709931,-29.24,,,,,,,,
,,2022-07-18 17:20:16.731008,44330.0,,,,,,
2022-07-18 17:20:16.760228,-31.17,,,,,,,,
,,2022-07-18 17:20:16.781313,44280.0,,,,,,
2022-07-18 17:20:16.810534,-32.49,,,,,,,,
,,2022-07-18 17:20:16.831904,44080.0,,,,,,
2022-07-18 17:20:16.860882,-33.42,,,,,,,,
,,2022-07-18 17:20:16.881946,44330.0,,,,,,
2022-07-18 17:20:16.911228,-34.03,,,,,,,,
,,2022-07-18 17:20:16.932252,44280.0,,,,,,
2022-07-18 17:20:16.961492,-34.54,,,,,,,,
,,2022-07-18 17:20:16.982404,44130.0,,,,,,
2022-07-18 17:20:17.011838,-34.39,,,,,,,,
,,2022-07-18 17:20:17.033292,44080.0,,,,,,
2022-07-18 17:20:17.063150,-34.51,,,,,,,,
,,2022-07-18 17:20:17.082944,43080.0,,,,,,
2022-07-18 17:20:17.113557,-34.36,,,,,,,,
,,2022-07-18 17:20:17.133437,41020.0,,,,,,
2022-07-18 17:20:17.163891,-33.91,,,,,,,,
,,2022-07-18 17:20:17.183426,35370.0,,,,,,
2022-07-18 17:20:17.214569,-33.61,,,,,,,,
,,2022-07-18 17:20:17.233803,27940.0,,,,,,
2022-07-18 17:20:17.264882,-33.79,,,,,,,,
,,2022-07-18 17:20:17.283886,22010.0,,,,,,
2022-07-18 17:20:17.315251,-33.89,,,,,,,,
,,2022-07-18 17:20:17.334094,16920.0,,,,,,
,,,,,,2022-07-18 17:20:17.334094,24.670775686133346,,
,,,,,,,,2022-07-18 17:20:17.334094,44330.0
2022-07-18 17:20:17.365483,-33.87,,,,,,,,
,,2022-07-18 17:20:17.384291,12700.0,,,,,,
2022-07-18 17:20:17.416650,-33.12,,,,,,,,
,,2022-07-18 17:20:17.434473,9700.0,,,,,,
2022-07-18 17:20:17.466883,-32.4,,,,,,,,
,,2022-07-18 17:20:17.485043,7570.0,,,,,,
2022-07-18 17:20:17.517146,-31.73,,,,,,,,
,,2022-07-18 17:20:17.535220,6200.0,,,,,,
2022-07-18 17:20:17.567531,-30.96,,,,,,,,
,,2022-07-18 17:20:17.585937,4980.0,,,,,,
2022-07-18 17:20:17.617876,-30.16,,,,,,,,
,,2022-07-18 17:20:17.636352,3900.0,,,,,,
2022-07-18 17:20:17.668112,-29.34,,,,,,,,
,,2022-07-18 17:20:17.686314,3230.0,,,,,,
2022-07-18 17:20:17.718375,-28.21,,,,,,,,
,,2022-07-18 17:20:17.737460,2720.0,,,,,,
2022-07-18 17:20:17.768705,-27.07,,,,,,,,
,,2022-07-18 17:20:17.787561,2510.0,,,,,,
2022-07-18 17:20:17.819249,-26.19,,,,,,,,
,,2022-07-18 17:20:17.838310,2390.0,,,,,,
2022-07-18 17:20:17.869582,-25.37,,,,,,,,
,,2022-07-18 17:20:17.889496,2120.0,,,,,,
2022-07-18 17:20:17.920633,-24.96,,,,,,,,
,,2022-07-18 17:20:17.940663,1900.0,,,,,,
2022-07-18 17:20:17.970906,-24.81,,,,,,,,
,,2022-07-18 17:20:17.990891,1750.0,,,,,,
2022-07-18 17:20:18.021169,-24.32,,,,,,,,
,,2022-07-18 17:20:18.042108,1660.0,,,,,,
2022-07-18 17:20:18.071539,-23.54,,,,,,,,
,,2022-07-18 17:20:18.092699,1630.0,,,,,,
2022-07-18 17:20:18.121801,-23.12,,,,,,,,
,,2022-07-18 17:20:18.143339,1580.0,,,,,,
2022-07-18 17:20:18.173067,-22.95,,,,,,,,
,,2022-07-18 17:20:18.194000,1470.0,,,,,,
2022-07-18 17:20:18.224190,-22.9,,,,,,,,
,,2022-07-18 17:20:18.244718,1580.0,,,,,,
2022-07-18 17:20:18.274243,-22.39,,,,,,,,
,,2022-07-18 17:20:18.294969,1580.0,,,,,,
2022-07-18 17:20:18.324831,-21.7,,,,,,,,
,,2022-07-18 17:20:18.346007,1440.0,,,,,,
2022-07-18 17:20:18.375318,-21.47,,,,,,,,
,,2022-07-18 17:20:18.397010,1510.0,,,,,,
2022-07-18 17:20:18.425588,-21.73,,,,,,,,
,,2022-07-18 17:20:18.447673,1430.0,,,,,,
2022-07-18 17:20:18.475881,-21.22,,,,,,,,
,,2022-07-18 17:20:18.497922,1310.0,,,,,,
2022-07-18 17:20:18.527366,-20.3,,,,,,,,
,,2022-07-18 17:20:18.548983,1330.0,,,,,,
2022-07-18 17:20:18.577863,-19.95,,,,,,,,
,,2022-07-18 17:20:18.600044,1300.0,,,,,,
2022-07-18 17:20:18.627922,-19.97,,,,,,,,
,,2022-07-18 17:20:18.650310,1270.0,,,,,,
2022-07-18 17:20:18.678233,-18.93,,,,,,,,
,,2022-07-18 17:20:18.701440,1330.0,,,,,,
2022-07-18 17:20:18.728474,-17.86,,,,,,,,
,,2022-07-18 17:20:18.751612,1330.0,,,,,,
2022-07-18 17:20:18.779752,-17.32,,,,,,,,
,,2022-07-18 17:20:18.801931,1280.0,,,,,,
2022-07-18 17:20:18.830165,-17.71,,,,,,,,
,,2022-07-18 17:20:18.852145,1280.0,,,,,,
2022-07-18 17:20:18.881406,-18.17,,,,,,,,
,,2022-07-18 17:20:18.902342,1290.0,,,,,,
2022-07-18 17:20:18.931758,-17.5,,,,,,,,
,,2022-07-18 17:20:18.952755,1210.0,,,,,,
2022-07-18 17:20:18.982074,-17.1,,,,,,,,
,,2022-07-18 17:20:19.003739,1300.0,,,,,,
2022-07-18 17:20:19.032607,-16.76,,,,,,,,
,,2022-07-18 17:20:19.054266,1330.0,,,,,,
2022-07-18 17:20:19.083756,-17.01,,,,,,,,
,,2022-07-18 17:20:19.104774,1250.0,,,,,,
2022-07-18 17:20:19.134833,-17.78,,,,,,,,
,,2022-07-18 17:20:19.155073,1290.0,,,,,,
2022-07-18 17:20:19.185145,-17.64,,,,,,,,
,,2022-07-18 17:20:19.206176,1300.0,,,,,,
2022-07-18 17:20:19.235337,-17.49,,,,,,,,
,,2022-07-18 17:20:19.256720,1300.0,,,,,,
2022-07-18 17:20:19.285534,-16.84,,,,,,,,
,,2022-07-18 17:20:19.308019,1350.0,,,,,,
2022-07-18 17:20:19.335767,-17.79,,,,,,,,
,,2022-07-18 17:20:19.357974,1260.0,,,,,,
2022-07-18 17:20:19.386920,-18.19,,,,,,,,
,,2022-07-18 17:20:19.409023,1230.0,,,,,,
2022-07-18 17:20:19.437243,-17.8,,,,,,,,
,,2022-07-18 17:20:19.459961,1280.0,,,,,,
2022-07-18 17:20:19.487802,-17.05,,,,,,,,
,,2022-07-18 17:20:19.510902,1210.0,,,,,,
2022-07-18 17:20:19.538059,-16.71,,,,,,,,
,,2022-07-18 17:20:19.561134,1210.0,,,,,,
2022-07-18 17:20:19.588365,-16.2,,,,,,,,
,,2022-07-18 17:20:19.612267,1230.0,,,,,,
2022-07-18 17:20:19.638817,-16.2,,,,,,,,
,,2022-07-18 17:20:19.662886,1180.0,,,,,,
2022-07-18 17:20:19.689775,-13.97,,,,,,,,
,,2022-07-18 17:20:19.713874,1230.0,,,,,,
2022-07-18 17:20:19.740291,-13.47,,,,,,,,
,,2022-07-18 17:20:19.764029,1240.0,,,,,,
2022-07-18 17:20:19.790313,-12.48,,,,,,,,
,,2022-07-18 17:20:19.814284,1200.0,,,,,,
2022-07-18 17:20:19.840536,-12.05,,,,,,,,
,,2022-07-18 17:20:19.864862,1190.0,,,,,,
2022-07-18 17:20:19.890843,-13.29,,,,,,,,
,,2022-07-18 17:20:19.916005,1140.0,,,,,,
2022-07-18 17:20:19.942055,-12.23,,,,,,,,
,,2022-07-18 17:20:19.966906,1140.0,,,,,,
2022-07-18 17:20:19.993031,-11.54,,,,,,,,
,,2022-07-18 17:20:20.017888,1260.0,,,,,,
2022-07-18 17:20:20.044363,-11.04,,,,,,,,
,,2022-07-18 17:20:20.068095,1290.0,,,,,,
2022-07-18 17:20:20.094659,-10.4,,,,,,,,
,,2022-07-18 17:20:20.118330,1210.0,,,,,,
2022-07-18 17:20:20.145422,-10.05,,,,,,,,
,,2022-07-18 17:20:20.168607,1210.0,,,,,,
2022-07-18 17:20:20.195703,-9.34,,,,,,,,
,,2022-07-18 17:20:20.219502,1200.0,,,,,,
2022-07-18 17:20:20.246385,-9.03,,,,,,,,
,,2022-07-18 17:20:20.270457,1340.0,,,,,,
2022-07-18 17:20:20.297434,-8.63,,,,,,,,
,,2022-07-18 17:20:20.321554,1300.0,,,,,,
2022-07-18 17:20:20.348038,-6.56,,,,,,,,
,,2022-07-18 17:20:20.371848,1180.0,,,,,,
2022-07-18 17:20:20.399220,-3.03,,,,,,,,
,,2022-07-18 17:20:20.422059,1330.0,,,,,,
2022-07-18 17:20:20.450432,7.6,,,,,,,,
,,2022-07-18 17:20:20.472578,1300.0,,,,,,
2022-07-18 17:20:20.501275,13.71,,,,,,,,
,,2022-07-18 17:20:20.523341,1240.0,,,,,,
2022-07-18 17:20:20.551439,12.48,,,,,,,,
,,2022-07-18 17:20:20.574506,1310.0,,,,,,
2022-07-18 17:20:20.601845,14.72,,,,,,,,
,,2022-07-18 17:20:20.624768,1310.0,,,,,,
2022-07-18 17:20:20.651897,19.14,,,,,,,,
,,2022-07-18 17:20:20.674959,1320.0,,,,,,
2022-07-18 17:20:20.702438,21.66,,,,,,,,
,,2022-07-18 17:20:20.725174,1370.0,,,,,,
2022-07-18 17:20:20.752722,23.54,,,,,,,,
,,2022-07-18 17:20:20.775908,1360.0,,,,,,
2022-07-18 17:20:20.802827,24.83,,,,,,,,
,,2022-07-18 17:20:20.826214,1340.0,,,,,,
2022-07-18 17:20:20.853263,25.13,,,,,,,,
,,2022-07-18 17:20:20.876993,1350.0,,,,,,
2022-07-18 17:20:20.903313,25.35,,,,,,,,
,,2022-07-18 17:20:20.927224,1390.0,,,,,,
2022-07-18 17:20:20.953825,24.13,,,,,,,,
,,2022-07-18 17:20:20.977869,1350.0,,,,,,
2022-07-18 17:20:21.005034,23.71,,,,,,,,
,,2022-07-18 17:20:21.028100,1390.0,,,,,,
2022-07-18 17:20:21.055509,23.79,,,,,,,,
,,2022-07-18 17:20:21.078608,1530.0,,,,,,
2022-07-18 17:20:21.105673,23.75,,,,,,,,
,,2022-07-18 17:20:21.129722,1490.0,,,,,,
2022-07-18 17:20:21.155883,23.66,,,,,,,,
,,2022-07-18 17:20:21.179968,1470.0,,,,,,
2022-07-18 17:20:21.206910,23.4,,,,,,,,
,,2022-07-18 17:20:21.231058,1450.0,,,,,,
2022-07-18 17:20:21.257272,23.33,,,,,,,,
,,2022-07-18 17:20:21.281284,1410.0,,,,,,
2022-07-18 17:20:21.307903,23.02,,,,,,,,
,,2022-07-18 17:20:21.332518,1450.0,,,,,,
2022-07-18 17:20:21.357892,23.06,,,,,,,,
,,2022-07-18 17:20:21.383321,1370.0,,,,,,
2022-07-18 17:20:21.408152,23.12,,,,,,,,
,,2022-07-18 17:20:21.433372,1510.0,,,,,,
2022-07-18 17:20:21.459070,22.63,,,,,,,,
,,2022-07-18 17:20:21.483914,2020.0,,,,,,
2022-07-18 17:20:21.509129,22.8,,,,,,,,
,,2022-07-18 17:20:21.533965,2840.0,,,,,,
2022-07-18 17:20:21.559454,23.13,,,,,,,,
,,2022-07-18 17:20:21.584118,4010.0,,,,,,
2022-07-18 17:20:21.609791,23.2,,,,,,,,
,,2022-07-18 17:20:21.634295,5950.0,,,,,,
2022-07-18 17:20:21.660048,22.06,,,,,,,,
,,2022-07-18 17:20:21.685431,8430.0,,,,,,
2022-07-18 17:20:21.710312,21.26,,,,,,,,
,,2022-07-18 17:20:21.735444,11030.0,,,,,,
2022-07-18 17:20:21.760654,21.1,,,,,,,,
,,2022-07-18 17:20:21.785715,13680.0,,,,,,
2022-07-18 17:20:21.811698,20.7,,,,,,,,
,,2022-07-18 17:20:21.835996,16490.0,,,,,,
2022-07-18 17:20:21.862821,20.39,,,,,,,,
,,2022-07-18 17:20:21.886287,18850.0,,,,,,
2022-07-18 17:20:21.913190,20.13,,,,,,,,
,,2022-07-18 17:20:21.936421,21140.0,,,,,,
2022-07-18 17:20:21.963713,19.85,,,,,,,,
,,2022-07-18 17:20:21.986725,23500.0,,,,,,
2022-07-18 17:20:22.013992,19.33,,,,,,,,
,,2022-07-18 17:20:22.037217,25760.0,,,,,,
2022-07-18 17:20:22.064292,19.32,,,,,,,,
,,2022-07-18 17:20:22.087613,27750.0,,,,,,
2022-07-18 17:20:22.114630,19.54,,,,,,,,
,,2022-07-18 17:20:22.137853,28510.0,,,,,,
2022-07-18 17:20:22.164999,19.65,,,,,,,,
,,2022-07-18 17:20:22.188058,29620.0,,,,,,
2022-07-18 17:20:22.215654,19.72,,,,,,,,
,,2022-07-18 17:20:22.238289,31260.0,,,,,,
2022-07-18 17:20:22.265664,19.99,,,,,,,,
,,2022-07-18 17:20:22.288600,32640.0,,,,,,
2022-07-18 17:20:22.316556,19.81,,,,,,,,
,,2022-07-18 17:20:22.339588,33390.0,,,,,,
2022-07-18 17:20:22.367078,19.22,,,,,,,,
,,2022-07-18 17:20:22.390484,34200.0,,,,,,
2022-07-18 17:20:22.417541,19.33,,,,,,,,
,,2022-07-18 17:20:22.441528,35520.0,,,,,,
2022-07-18 17:20:22.468048,19.3,,,,,,,,
,,2022-07-18 17:20:22.492001,35870.0,,,,,,
2022-07-18 17:20:22.518969,19.21,,,,,,,,
,,2022-07-18 17:20:22.543077,35870.0,,,,,,
2022-07-18 17:20:22.569753,18.66,,,,,,,,
,,2022-07-18 17:20:22.593786,36930.0,,,,,,
2022-07-18 17:20:22.620930,18.05,,,,,,,,
,,2022-07-18 17:20:22.644376,37980.0,,,,,,
2022-07-18 17:20:22.671235,17.71,,,,,,,,
,,2022-07-18 17:20:22.694662,38800.0,,,,,,
2022-07-18 17:20:22.721548,17.01,,,,,,,,
,,2022-07-18 17:20:22.745461,39160.0,,,,,,
2022-07-18 17:20:22.772784,16.52,,,,,,,,
,,2022-07-18 17:20:22.795824,39380.0,,,,,,
2022-07-18 17:20:22.823108,15.92,,,,,,,,
,,2022-07-18 17:20:22.846108,39610.0,,,,,,
2022-07-18 17:20:22.873244,15.66,,,,,,,,
,,2022-07-18 17:20:22.896300,39800.0,,,,,,
2022-07-18 17:20:22.923467,15.26,,,,,,,,
,,2022-07-18 17:20:22.946533,39840.0,,,,,,
2022-07-18 17:20:22.974544,15.73,,,,,,,,
,,2022-07-18 17:20:22.997383,40210.0,,,,,,
2022-07-18 17:20:23.024883,15.85,,,,,,,,
,,2022-07-18 17:20:23.048066,40820.0,,,,,,
2022-07-18 17:20:23.075112,15.49,,,,,,,,
,,2022-07-18 17:20:23.099154,41540.0,,,,,,
2022-07-18 17:20:23.126360,15.68,,,,,,,,
,,2022-07-18 17:20:23.149357,42170.0,,,,,,
2022-07-18 17:20:23.176606,15.33,,,,,,,,
,,2022-07-18 17:20:23.199886,42020.0,,,,,,
2022-07-18 17:20:23.227702,14.66,,,,,,,,
,,2022-07-18 17:20:23.249970,42370.0,,,,,,
2022-07-18 17:20:23.278631,14.24,,,,,,,,
,,2022-07-18 17:20:23.300198,42460.0,,,,,,
2022-07-18 17:20:23.329487,14.43,,,,,,,,
,,2022-07-18 17:20:23.350442,42410.0,,,,,,
2022-07-18 17:20:23.380613,14.55,,,,,,,,
,,2022-07-18 17:20:23.401637,42320.0,,,,,,
2022-07-18 17:20:23.431261,14.18,,,,,,,,
,,2022-07-18 17:20:23.452280,42070.0,,,,,,
2022-07-18 17:20:23.482158,13.7,,,,,,,,
,,2022-07-18 17:20:23.503299,42960.0,,,,,,
2022-07-18 17:20:23.532416,12.93,,,,,,,,
,,2022-07-18 17:20:23.554391,43550.0,,,,,,
2022-07-18 17:20:23.583164,12.97,,,,,,,,
,,2022-07-18 17:20:23.604801,43600.0,,,,,,
2022-07-18 17:20:23.633461,12.76,,,,,,,,
,,2022-07-18 17:20:23.655043,43600.0,,,,,,
2022-07-18 17:20:23.683656,12.57,,,,,,,,
,,2022-07-18 17:20:23.705845,43900.0,,,,,,
2022-07-18 17:20:23.734884,11.84,,,,,,,,
,,2022-07-18 17:20:23.756594,44250.0,,,,,,
2022-07-18 17:20:23.785416,12.31,,,,,,,,
,,2022-07-18 17:20:23.806768,43700.0,,,,,,
2022-07-18 17:20:23.835717,12.76,,,,,,,,
,,2022-07-18 17:20:23.858005,43600.0,,,,,,
2022-07-18 17:20:23.885873,11.59,,,,,,,,
,,2022-07-18 17:20:23.908593,44460.0,,,,,,
2022-07-18 17:20:23.936077,11.05,,,,,,,,
,,2022-07-18 17:20:23.959187,44410.0,,,,,,
2022-07-18 17:20:23.986330,11.29,,,,,,,,
,,2022-07-18 17:20:24.010056,43950.0,,,,,,
2022-07-18 17:20:24.037081,11.27,,,,,,,,
,,2022-07-18 17:20:24.060230,44410.0,,,,,,
2022-07-18 17:20:24.087499,11.21,,,,,,,,
,,2022-07-18 17:20:24.110922,44720.0,,,,,,
2022-07-18 17:20:24.137787,11.42,,,,,,,,
,,2022-07-18 17:20:24.161184,44200.0,,,,,,
2022-07-18 17:20:24.188788,10.26,,,,,,,,
,,2022-07-18 17:20:24.211908,44200.0,,,,,,
2022-07-18 17:20:24.238933,9.34,,,,,,,,
,,,,2022-07-18 17:20:24.239896,1.1214749999999996,,,,
,,2022-07-18 17:20:24.262314,44460.0,,,,,,
2022-07-18 17:20:24.289656,5.2,,,,,,,,
,,2022-07-18 17:20:24.312960,44720.0,,,,,,
2022-07-18 17:20:24.340175,-8.4,,,,,,,,
,,2022-07-18 17:20:24.363106,44560.0,,,,,,
2022-07-18 17:20:24.391358,-20.14,,,,,,,,
,,2022-07-18 17:20:24.413360,44510.0,,,,,,
2022-07-18 17:20:24.442640,-27.0,,,,,,,,
,,2022-07-18 17:20:24.463702,45270.0,,,,,,
2022-07-18 17:20:24.492870,-31.1,,,,,,,,
,,2022-07-18 17:20:24.513964,45580.0,,,,,,
2022-07-18 17:20:24.543150,-35.14,,,,,,,,
,,2022-07-18 17:20:24.564134,45490.0,,,,,,
2022-07-18 17:20:24.593466,-38.1,,,,,,,,
,,2022-07-18 17:20:24.614365,45340.0,,,,,,
2022-07-18 17:20:24.643997,-39.74,,,,,,,,
,,2022-07-18 17:20:24.665224,45390.0,,,,,,
2022-07-18 17:20:24.694322,-39.64,,,,,,,,
,,2022-07-18 17:20:24.716683,44920.0,,,,,,
2022-07-18 17:20:24.745373,-39.05,,,,,,,,
,,2022-07-18 17:20:24.767504,44360.0,,,,,,
2022-07-18 17:20:24.796005,-38.58,,,,,,,,
,,2022-07-18 17:20:24.818345,45080.0,,,,,,
2022-07-18 17:20:24.846974,-38.15,,,,,,,,
,,2022-07-18 17:20:24.869099,45080.0,,,,,,
2022-07-18 17:20:24.897469,-37.6,,,,,,,,
,,2022-07-18 17:20:24.919377,44410.0,,,,,,
2022-07-18 17:20:24.948221,-37.01,,,,,,,,
,,2022-07-18 17:20:24.970391,44460.0,,,,,,
2022-07-18 17:20:24.998541,-37.05,,,,,,,,
,,2022-07-18 17:20:25.020731,43790.0,,,,,,
2022-07-18 17:20:25.049096,-36.7,,,,,,,,
,,2022-07-18 17:20:25.071262,39370.0,,,,,,
2022-07-18 17:20:25.099642,-36.29,,,,,,,,
,,2022-07-18 17:20:25.121309,30370.0,,,,,,
2022-07-18 17:20:25.150043,-35.41,,,,,,,,
,,2022-07-18 17:20:25.172259,21580.0,,,,,,
2022-07-18 17:20:25.200239,-34.23,,,,,,,,
,,2022-07-18 17:20:25.222544,15180.0,,,,,,
,,,,,,2022-07-18 17:20:25.222544,24.788576690607233,,
,,,,,,,,2022-07-18 17:20:25.222544,45580.0
2022-07-18 17:20:25.250591,-33.95,,,,,,,,
,,2022-07-18 17:20:25.272959,10740.0,,,,,,
2022-07-18 17:20:25.301495,-33.27,,,,,,,,
,,2022-07-18 17:20:25.323268,7770.0,,,,,,
2022-07-18 17:20:25.351985,-32.62,,,,,,,,
,,2022-07-18 17:20:25.462423,5750.0,,,,,,
2022-07-18 17:20:25.463417,-31.66,,,,,,,,
,,2022-07-18 17:20:25.464420,4350.0,,,,,,
2022-07-18 17:20:25.466423,-31.17,,,,,,,,
,,2022-07-18 17:20:25.482438,3360.0,,,,,,
2022-07-18 17:20:25.503470,-31.23,,,,,,,,
,,2022-07-18 17:20:25.525344,2690.0,,,,,,
2022-07-18 17:20:25.553648,-31.18,,,,,,,,
,,2022-07-18 17:20:25.575884,2220.0,,,,,,
2022-07-18 17:20:25.604828,-30.94,,,,,,,,
,,2022-07-18 17:20:25.626531,1850.0,,,,,,
2022-07-18 17:20:25.655327,-30.87,,,,,,,,
,,2022-07-18 17:20:25.677523,1540.0,,,,,,
2022-07-18 17:20:25.705373,-29.97,,,,,,,,
,,2022-07-18 17:20:25.728757,1260.0,,,,,,
2022-07-18 17:20:25.755732,-29.72,,,,,,,,
,,2022-07-18 17:20:25.778844,1210.0,,,,,,
2022-07-18 17:20:25.806061,-30.13,,,,,,,,
,,2022-07-18 17:20:25.829068,1250.0,,,,,,
2022-07-18 17:20:25.856393,-29.79,,,,,,,,
,,2022-07-18 17:20:25.879258,1050.0,,,,,,
2022-07-18 17:20:25.907088,-29.3,,,,,,,,
,,2022-07-18 17:20:25.929589,960.0,,,,,,
2022-07-18 17:20:25.957317,-28.81,,,,,,,,
,,2022-07-18 17:20:25.980336,960.0,,,,,,
2022-07-18 17:20:26.007952,-27.97,,,,,,,,
,,2022-07-18 17:20:26.030605,950.0,,,,,,
2022-07-18 17:20:26.058846,-27.73,,,,,,,,
,,2022-07-18 17:20:26.081638,960.0,,,,,,
2022-07-18 17:20:26.109121,-26.92,,,,,,,,
,,2022-07-18 17:20:26.131865,910.0,,,,,,
2022-07-18 17:20:26.159352,-26.15,,,,,,,,
,,2022-07-18 17:20:26.182178,960.0,,,,,,
2022-07-18 17:20:26.209606,-26.46,,,,,,,,
,,2022-07-18 17:20:26.232830,910.0,,,,,,
2022-07-18 17:20:26.259884,-26.47,,,,,,,,
,,2022-07-18 17:20:26.283238,770.0,,,,,,
2022-07-18 17:20:26.310931,-25.55,,,,,,,,
,,2022-07-18 17:20:26.333877,790.0,,,,,,
2022-07-18 17:20:26.361915,-25.15,,,,,,,,
,,2022-07-18 17:20:26.384944,910.0,,,,,,
2022-07-18 17:20:26.412808,-24.83,,,,,,,,
,,2022-07-18 17:20:26.435653,1050.0,,,,,,
2022-07-18 17:20:26.463864,-23.96,,,,,,,,
,,2022-07-18 17:20:26.485882,1050.0,,,,,,
2022-07-18 17:20:26.514873,-24.15,,,,,,,,
,,2022-07-18 17:20:26.536053,1000.0,,,,,,
2022-07-18 17:20:26.565436,-24.04,,,,,,,,
,,2022-07-18 17:20:26.586995,940.0,,,,,,
2022-07-18 17:20:26.615751,-23.19,,,,,,,,
,,2022-07-18 17:20:26.637824,960.0,,,,,,
2022-07-18 17:20:26.666022,-22.41,,,,,,,,
,,2022-07-18 17:20:26.688041,940.0,,,,,,
2022-07-18 17:20:26.716289,-20.2,,,,,,,,
,,2022-07-18 17:20:26.738252,860.0,,,,,,
2022-07-18 17:20:26.766543,-19.46,,,,,,,,
,,2022-07-18 17:20:26.788665,860.0,,,,,,
2022-07-18 17:20:26.816851,-18.91,,,,,,,,
,,2022-07-18 17:20:26.838913,890.0,,,,,,
2022-07-18 17:20:26.867642,-18.74,,,,,,,,
,,2022-07-18 17:20:26.889510,880.0,,,,,,
2022-07-18 17:20:26.918454,-17.56,,,,,,,,
,,2022-07-18 17:20:26.940192,890.0,,,,,,
2022-07-18 17:20:26.969556,-17.52,,,,,,,,
,,2022-07-18 17:20:26.990554,970.0,,,,,,
2022-07-18 17:20:27.019940,-17.06,,,,,,,,
,,2022-07-18 17:20:27.040967,940.0,,,,,,
2022-07-18 17:20:27.070733,-17.58,,,,,,,,
,,2022-07-18 17:20:27.092210,940.0,,,,,,
2022-07-18 17:20:27.120967,-15.99,,,,,,,,
,,2022-07-18 17:20:27.142825,960.0,,,,,,
2022-07-18 17:20:27.171700,-15.54,,,,,,,,
,,2022-07-18 17:20:27.193477,860.0,,,,,,
2022-07-18 17:20:27.221995,-14.88,,,,,,,,
,,2022-07-18 17:20:27.243707,890.0,,,,,,
2022-07-18 17:20:27.272319,-12.58,,,,,,,,
,,2022-07-18 17:20:27.293974,970.0,,,,,,
2022-07-18 17:20:27.322888,-12.44,,,,,,,,
,,2022-07-18 17:20:27.345060,950.0,,,,,,
2022-07-18 17:20:27.372999,-10.98,,,,,,,,
,,2022-07-18 17:20:27.396139,1020.0,,,,,,
2022-07-18 17:20:27.423535,-9.02,,,,,,,,
,,2022-07-18 17:20:27.446376,1040.0,,,,,,
2022-07-18 17:20:27.473816,-8.65,,,,,,,,
,,2022-07-18 17:20:27.496727,980.0,,,,,,
2022-07-18 17:20:27.524068,-3.87,,,,,,,,
,,2022-07-18 17:20:27.547898,920.0,,,,,,
2022-07-18 17:20:27.574277,1.18,,,,,,,,
,,2022-07-18 17:20:27.598072,1030.0,,,,,,
2022-07-18 17:20:27.624812,6.78,,,,,,,,
,,2022-07-18 17:20:27.648329,1110.0,,,,,,
2022-07-18 17:20:27.676129,11.15,,,,,,,,
,,2022-07-18 17:20:27.698487,1040.0,,,,,,
2022-07-18 17:20:27.726413,13.78,,,,,,,,
,,2022-07-18 17:20:27.749634,1070.0,,,,,,
2022-07-18 17:20:27.777422,17.68,,,,,,,,
,,2022-07-18 17:20:27.799778,1100.0,,,,,,
2022-07-18 17:20:27.827816,22.9,,,,,,,,
,,2022-07-18 17:20:27.849914,1100.0,,,,,,
2022-07-18 17:20:27.877880,27.19,,,,,,,,
,,2022-07-18 17:20:27.901045,1120.0,,,,,,
2022-07-18 17:20:27.928371,29.7,,,,,,,,
,,2022-07-18 17:20:27.951448,1110.0,,,,,,
2022-07-18 17:20:27.978691,31.48,,,,,,,,
,,2022-07-18 17:20:28.001758,1190.0,,,,,,
2022-07-18 17:20:28.028952,32.74,,,,,,,,
,,2022-07-18 17:20:28.052035,1160.0,,,,,,
2022-07-18 17:20:28.080094,31.93,,,,,,,,
,,2022-07-18 17:20:28.102360,1160.0,,,,,,
2022-07-18 17:20:28.131191,32.03,,,,,,,,
,,2022-07-18 17:20:28.153382,1220.0,,,,,,
2022-07-18 17:20:28.181602,31.94,,,,,,,,
,,2022-07-18 17:20:28.203613,1220.0,,,,,,
2022-07-18 17:20:28.231844,30.95,,,,,,,,
,,2022-07-18 17:20:28.254746,1240.0,,,,,,
2022-07-18 17:20:28.282251,30.92,,,,,,,,
,,2022-07-18 17:20:28.305028,1320.0,,,,,,
2022-07-18 17:20:28.332584,30.51,,,,,,,,
,,2022-07-18 17:20:28.355877,1440.0,,,,,,
2022-07-18 17:20:28.382922,30.0,,,,,,,,
,,2022-07-18 17:20:28.406183,1460.0,,,,,,
2022-07-18 17:20:28.433259,29.29,,,,,,,,
,,2022-07-18 17:20:28.456384,1440.0,,,,,,
2022-07-18 17:20:28.483600,28.58,,,,,,,,
,,2022-07-18 17:20:28.506785,1320.0,,,,,,
2022-07-18 17:20:28.534383,27.89,,,,,,,,
,,2022-07-18 17:20:28.556927,1230.0,,,,,,
2022-07-18 17:20:28.584868,27.04,,,,,,,,
,,2022-07-18 17:20:28.608049,1320.0,,,,,,
2022-07-18 17:20:28.634895,26.87,,,,,,,,
,,2022-07-18 17:20:28.658193,1630.0,,,,,,
2022-07-18 17:20:28.685559,26.45,,,,,,,,
,,2022-07-18 17:20:28.708481,2720.0,,,,,,
2022-07-18 17:20:28.736815,25.76,,,,,,,,
,,2022-07-18 17:20:28.759867,5070.0,,,,,,
2022-07-18 17:20:28.787510,25.28,,,,,,,,
,,2022-07-18 17:20:28.810723,8740.0,,,,,,
2022-07-18 17:20:28.838025,24.61,,,,,,,,
,,2022-07-18 17:20:28.860932,13280.0,,,,,,
2022-07-18 17:20:28.889055,24.04,,,,,,,,
,,2022-07-18 17:20:28.911936,17550.0,,,,,,
2022-07-18 17:20:28.939343,23.76,,,,,,,,
,,2022-07-18 17:20:28.961994,21210.0,,,,,,
2022-07-18 17:20:28.989964,23.52,,,,,,,,
,,2022-07-18 17:20:29.012290,25060.0,,,,,,
2022-07-18 17:20:29.040860,23.51,,,,,,,,
,,2022-07-18 17:20:29.062905,28010.0,,,,,,
2022-07-18 17:20:29.091063,22.28,,,,,,,,
,,2022-07-18 17:20:29.113076,30180.0,,,,,,
2022-07-18 17:20:29.142064,21.84,,,,,,,,
,,2022-07-18 17:20:29.163805,31890.0,,,,,,
2022-07-18 17:20:29.192826,21.13,,,,,,,,
,,2022-07-18 17:20:29.214612,33020.0,,,,,,
2022-07-18 17:20:29.243089,20.08,,,,,,,,
,,2022-07-18 17:20:29.265318,34590.0,,,,,,
2022-07-18 17:20:29.293314,19.85,,,,,,,,
,,2022-07-18 17:20:29.316352,36050.0,,,,,,
2022-07-18 17:20:29.344170,19.78,,,,,,,,
,,2022-07-18 17:20:29.367289,36860.0,,,,,,
2022-07-18 17:20:29.394399,19.69,,,,,,,,
,,2022-07-18 17:20:29.418697,37260.0,,,,,,
2022-07-18 17:20:29.444786,18.98,,,,,,,,
,,2022-07-18 17:20:29.469405,37960.0,,,,,,
2022-07-18 17:20:29.495013,18.66,,,,,,,,
,,2022-07-18 17:20:29.520227,38500.0,,,,,,
2022-07-18 17:20:29.545450,18.72,,,,,,,,
,,2022-07-18 17:20:29.570719,39360.0,,,,,,
2022-07-18 17:20:29.596220,18.99,,,,,,,,
,,2022-07-18 17:20:29.621387,40510.0,,,,,,
2022-07-18 17:20:29.647140,18.76,,,,,,,,
,,2022-07-18 17:20:29.672261,40110.0,,,,,,
2022-07-18 17:20:29.697454,18.35,,,,,,,,
,,2022-07-18 17:20:29.722908,40110.0,,,,,,
2022-07-18 17:20:29.747682,17.72,,,,,,,,
,,2022-07-18 17:20:29.773636,40760.0,,,,,,
2022-07-18 17:20:29.798010,17.54,,,,,,,,
,,2022-07-18 17:20:29.823968,41030.0,,,,,,
2022-07-18 17:20:29.848514,17.37,,,,,,,,
,,2022-07-18 17:20:29.874208,41370.0,,,,,,
2022-07-18 17:20:29.899110,16.33,,,,,,,,
,,2022-07-18 17:20:29.925232,41320.0,,,,,,
2022-07-18 17:20:29.949474,16.08,,,,,,,,
,,2022-07-18 17:20:29.975449,41170.0,,,,,,
2022-07-18 17:20:30.000840,16.46,,,,,,,,
,,2022-07-18 17:20:30.025871,41520.0,,,,,,
2022-07-18 17:20:30.051607,16.33,,,,,,,,
,,2022-07-18 17:20:30.077014,41950.0,,,,,,
2022-07-18 17:20:30.102220,16.26,,,,,,,,
,,2022-07-18 17:20:30.127253,42200.0,,,,,,
2022-07-18 17:20:30.152484,16.21,,,,,,,,
,,2022-07-18 17:20:30.177536,41950.0,,,,,,
2022-07-18 17:20:30.203659,16.29,,,,,,,,
,,2022-07-18 17:20:30.228365,42150.0,,,,,,
2022-07-18 17:20:30.253909,16.22,,,,,,,,
,,2022-07-18 17:20:30.278963,42200.0,,,,,,
2022-07-18 17:20:30.304143,15.53,,,,,,,,
,,2022-07-18 17:20:30.329496,42250.0,,,,,,
2022-07-18 17:20:30.354479,15.24,,,,,,,,
,,2022-07-18 17:20:30.379940,42150.0,,,,,,
2022-07-18 17:20:30.404824,15.17,,,,,,,,
,,2022-07-18 17:20:30.430238,42150.0,,,,,,
2022-07-18 17:20:30.455273,14.99,,,,,,,,
,,2022-07-18 17:20:30.480376,42540.0,,,,,,
2022-07-18 17:20:30.505504,15.0,,,,,,,,
,,2022-07-18 17:20:30.530695,42540.0,,,,,,
2022-07-18 17:20:30.556116,14.83,,,,,,,,
,,2022-07-18 17:20:30.580921,42940.0,,,,,,
2022-07-18 17:20:30.606874,15.48,,,,,,,,
,,2022-07-18 17:20:30.632007,43630.0,,,,,,
2022-07-18 17:20:30.657164,15.86,,,,,,,,
,,2022-07-18 17:20:30.682681,43090.0,,,,,,
2022-07-18 17:20:30.707488,15.67,,,,,,,,
,,2022-07-18 17:20:30.732980,42690.0,,,,,,
2022-07-18 17:20:30.757821,15.3,,,,,,,,
,,2022-07-18 17:20:30.783982,42690.0,,,,,,
2022-07-18 17:20:30.809093,14.99,,,,,,,,
,,2022-07-18 17:20:30.835111,43040.0,,,,,,
2022-07-18 17:20:30.859289,15.02,,,,,,,,
,,2022-07-18 17:20:30.885992,43380.0,,,,,,
2022-07-18 17:20:30.910456,14.71,,,,,,,,
,,2022-07-18 17:20:30.936496,43680.0,,,,,,
2022-07-18 17:20:30.961259,14.25,,,,,,,,
,,2022-07-18 17:20:30.987327,43980.0,,,,,,
2022-07-18 17:20:31.011475,14.71,,,,,,,,
,,2022-07-18 17:20:31.037660,43730.0,,,,,,
2022-07-18 17:20:31.062738,14.33,,,,,,,,
,,2022-07-18 17:20:31.087824,43880.0,,,,,,
2022-07-18 17:20:31.113668,13.45,,,,,,,,
,,2022-07-18 17:20:31.138642,43180.0,,,,,,
2022-07-18 17:20:31.164580,12.83,,,,,,,,
,,2022-07-18 17:20:31.189307,43730.0,,,,,,
2022-07-18 17:20:31.215486,12.48,,,,,,,,
,,2022-07-18 17:20:31.239526,43930.0,,,,,,
2022-07-18 17:20:31.265952,12.18,,,,,,,,
,,2022-07-18 17:20:31.290576,42780.0,,,,,,
2022-07-18 17:20:31.316698,12.2,,,,,,,,
,,2022-07-18 17:20:31.340836,42990.0,,,,,,
2022-07-18 17:20:31.367050,12.16,,,,,,,,
,,2022-07-18 17:20:31.391131,43680.0,,,,,,
2022-07-18 17:20:31.417285,12.66,,,,,,,,
,,2022-07-18 17:20:31.441956,44020.0,,,,,,
2022-07-18 17:20:31.468459,13.35,,,,,,,,
,,2022-07-18 17:20:31.492832,43970.0,,,,,,
2022-07-18 17:20:31.519815,12.58,,,,,,,,
,,2022-07-18 17:20:31.543887,43970.0,,,,,,
2022-07-18 17:20:31.569099,9.15,,,,,,,,
,,,,2022-07-18 17:20:31.570141,1.2896166666666666,,,,
,,2022-07-18 17:20:31.594898,43920.0,,,,,,
2022-07-18 17:20:31.619265,-0.18,,,,,,,,
,,2022-07-18 17:20:31.645851,44430.0,,,,,,
2022-07-18 17:20:31.669671,-17.47,,,,,,,,
,,2022-07-18 17:20:31.696104,44640.0,,,,,,
2022-07-18 17:20:31.720331,-28.72,,,,,,,,
,,2022-07-18 17:20:31.747227,43970.0,,,,,,
2022-07-18 17:20:31.770509,-33.46,,,,,,,,
,,2022-07-18 17:20:31.797430,44590.0,,,,,,
2022-07-18 17:20:31.820911,-36.37,,,,,,,,
,,2022-07-18 17:20:31.848007,45200.0,,,,,,
2022-07-18 17:20:31.871772,-39.03,,,,,,,,
,,2022-07-18 17:20:31.898847,45100.0,,,,,,
2022-07-18 17:20:31.922002,-40.9,,,,,,,,
,,2022-07-18 17:20:31.949864,44640.0,,,,,,
2022-07-18 17:20:31.972284,-41.97,,,,,,,,
,,2022-07-18 17:20:31.999874,45000.0,,,,,,
2022-07-18 17:20:32.022904,-42.32,,,,,,,,
,,2022-07-18 17:20:32.050483,45410.0,,,,,,
2022-07-18 17:20:32.073229,-41.94,,,,,,,,
,,2022-07-18 17:20:32.100755,44740.0,,,,,,
2022-07-18 17:20:32.123703,-41.6,,,,,,,,
,,2022-07-18 17:20:32.151059,44900.0,,,,,,
2022-07-18 17:20:32.174166,-41.47,,,,,,,,
,,2022-07-18 17:20:32.202011,44840.0,,,,,,
2022-07-18 17:20:32.224472,-41.36,,,,,,,,
,,2022-07-18 17:20:32.252745,44840.0,,,,,,
2022-07-18 17:20:32.274708,-40.99,,,,,,,,
,,2022-07-18 17:20:32.302978,44170.0,,,,,,
2022-07-18 17:20:32.325295,-40.53,,,,,,,,
,,2022-07-18 17:20:32.353163,43820.0,,,,,,
2022-07-18 17:20:32.375512,-39.76,,,,,,,,
,,2022-07-18 17:20:32.404388,43280.0,,,,,,
2022-07-18 17:20:32.425762,-38.87,,,,,,,,
,,2022-07-18 17:20:32.454811,39300.0,,,,,,
2022-07-18 17:20:32.476309,-37.48,,,,,,,,
,,2022-07-18 17:20:32.505124,31180.0,,,,,,
2022-07-18 17:20:32.526401,-36.32,,,,,,,,
,,2022-07-18 17:20:32.555348,21620.0,,,,,,
2022-07-18 17:20:32.576665,-35.24,,,,,,,,
,,2022-07-18 17:20:32.606011,14290.0,,,,,,
,,,,,,2022-07-18 17:20:32.606011,24.20722441145,,
,,,,,,,,2022-07-18 17:20:32.606011,45410.0
2022-07-18 17:20:32.626893,-33.3,,,,,,,,
,,2022-07-18 17:20:32.656064,9530.0,,,,,,
2022-07-18 17:20:32.677290,-32.05,,,,,,,,
,,2022-07-18 17:20:32.706286,6440.0,,,,,,
2022-07-18 17:20:32.727515,-31.04,,,,,,,,
,,2022-07-18 17:20:32.756481,4460.0,,,,,,
2022-07-18 17:20:32.777725,-29.68,,,,,,,,
,,2022-07-18 17:20:32.806974,3190.0,,,,,,
2022-07-18 17:20:32.827910,-28.98,,,,,,,,
,,2022-07-18 17:20:32.857184,2430.0,,,,,,
2022-07-18 17:20:32.878500,-28.85,,,,,,,,
,,2022-07-18 17:20:32.907632,2010.0,,,,,,
2022-07-18 17:20:32.928590,-27.95,,,,,,,,
,,2022-07-18 17:20:32.958611,1670.0,,,,,,
2022-07-18 17:20:32.979772,-27.33,,,,,,,,
,,2022-07-18 17:20:33.009465,1320.0,,,,,,
2022-07-18 17:20:34.028825,-26.42,,,,,,,,
,,2022-07-18 17:20:34.030870,1090.0,,,,,,
2022-07-18 17:20:34.032835,-25.65,,,,,,,,
,,2022-07-18 17:20:34.033880,960.0,,,,,,
2022-07-18 17:20:34.035136,-24.67,,,,,,,,
,,2022-07-18 17:20:34.035136,1030.0,,,,,,
2022-07-18 17:20:34.036134,-23.35,,,,,,,,
,,2022-07-18 17:20:34.037253,1000.0,,,,,,
2022-07-18 17:20:34.038301,-22.96,,,,,,,,
,,2022-07-18 17:20:34.038301,890.0,,,,,,
2022-07-18 17:20:34.040343,-22.78,,,,,,,,
,,2022-07-18 17:20:34.040343,910.0,,,,,,
2022-07-18 17:20:34.041819,-22.96,,,,,,,,
,,2022-07-18 17:20:34.041819,850.0,,,,,,
2022-07-18 17:20:34.042825,-22.35,,,,,,,,
,,2022-07-18 17:20:34.042825,810.0,,,,,,
2022-07-18 17:20:34.043825,-22.36,,,,,,,,
,,2022-07-18 17:20:34.044827,840.0,,,,,,
2022-07-18 17:20:34.045561,-21.71,,,,,,,,
,,2022-07-18 17:20:34.046617,890.0,,,,,,
2022-07-18 17:20:34.046617,-19.93,,,,,,,,
,,2022-07-18 17:20:34.047608,930.0,,,,,,
2022-07-18 17:20:34.047608,-16.87,,,,,,,,
,,2022-07-18 17:20:34.048655,900.0,,,,,,
2022-07-18 17:20:34.049609,-15.28,,,,,,,,
,,2022-07-18 17:20:34.049609,890.0,,,,,,
2022-07-18 17:20:34.050532,-13.55,,,,,,,,
,,2022-07-18 17:20:34.050532,910.0,,,,,,
2022-07-18 17:20:34.051541,-12.74,,,,,,,,
,,2022-07-18 17:20:34.052543,900.0,,,,,,
2022-07-18 17:20:34.052849,-14.57,,,,,,,,
,,2022-07-18 17:20:34.052849,1040.0,,,,,,
2022-07-18 17:20:34.054354,-14.36,,,,,,,,
,,2022-07-18 17:20:34.054354,1030.0,,,,,,
2022-07-18 17:20:34.054354,-10.28,,,,,,,,
,,2022-07-18 17:20:34.055861,920.0,,,,,,
2022-07-18 17:20:34.055861,-8.88,,,,,,,,
,,2022-07-18 17:20:34.055861,940.0,,,,,,
2022-07-18 17:20:34.056881,-8.28,,,,,,,,
,,2022-07-18 17:20:34.057862,980.0,,,,,,
2022-07-18 17:20:34.071819,-7.52,,,,,,,,
,,2022-07-18 17:20:34.086797,1000.0,,,,,,
,,2022-07-18 17:20:34.120986,980.0,,,,,,
,,2022-07-18 17:20:34.171127,970.0,,,,,,
,,2022-07-18 17:20:34.221431,980.0,,,,,,
,,2022-07-18 17:20:34.271740,1050.0,,,,,,
,,2022-07-18 17:20:34.322275,1090.0,,,,,,
,,2022-07-18 17:20:34.372859,1090.0,,,,,,
,,2022-07-18 17:20:34.424002,1120.0,,,,,,
,,2022-07-18 17:20:34.475160,1150.0,,,,,,
,,2022-07-18 17:20:34.526440,1060.0,,,,,,
,,2022-07-18 17:20:34.576418,1110.0,,,,,,
2022-07-18 17:20:42.732723,-15.08,,,,,,,,
2022-07-18 17:20:42.784033,-14.61,,,,,,,,
2022-07-18 17:20:42.834969,-13.99,,,,,,,,
2022-07-18 17:20:42.885600,-13.21,,,,,,,,
2022-07-18 17:20:42.935839,-13.06,,,,,,,,
2022-07-18 17:20:42.985953,-12.82,,,,,,,,
2022-07-18 17:20:43.036934,-12.4,,,,,,,,
2022-07-18 17:20:43.087970,-12.43,,,,,,,,
2022-07-18 17:20:43.138649,-12.48,,,,,,,,
2022-07-18 17:20:43.189681,-12.45,,,,,,,,
2022-07-18 17:20:43.239955,-12.37,,,,,,,,
2022-07-18 17:20:43.290108,-12.62,,,,,,,,
2022-07-18 17:20:43.341111,-12.69,,,,,,,,
2022-07-18 17:20:43.391841,-11.75,,,,,,,,
,,2022-07-18 17:20:43.420839,1300.0,,,,,,
2022-07-18 17:20:43.442194,-10.87,,,,,,,,
,,2022-07-18 17:20:43.471174,1240.0,,,,,,
2022-07-18 17:20:43.492339,-10.88,,,,,,,,
,,2022-07-18 17:20:43.521435,1240.0,,,,,,
2022-07-18 17:20:43.543204,-8.43,,,,,,,,
,,2022-07-18 17:20:43.572492,1290.0,,,,,,
2022-07-18 17:20:43.593520,-5.99,,,,,,,,
,,2022-07-18 17:20:43.623071,1350.0,,,,,,
2022-07-18 17:20:43.644068,-4.93,,,,,,,,
,,2022-07-18 17:20:43.674238,1480.0,,,,,,
2022-07-18 17:20:43.694110,1.41,,,,,,,,
,,2022-07-18 17:20:43.724597,1410.0,,,,,,
2022-07-18 17:20:43.744594,10.69,,,,,,,,
,,2022-07-18 17:20:43.775469,1330.0,,,,,,
2022-07-18 17:20:43.794591,16.19,,,,,,,,
,,2022-07-18 17:20:43.825774,1330.0,,,,,,
2022-07-18 17:20:43.845525,20.02,,,,,,,,
,,2022-07-18 17:20:43.876783,1270.0,,,,,,
2022-07-18 17:20:43.896068,22.26,,,,,,,,
,,2022-07-18 17:20:43.927006,1390.0,,,,,,
2022-07-18 17:20:43.946246,23.65,,,,,,,,
,,2022-07-18 17:20:43.977380,1350.0,,,,,,
2022-07-18 17:20:43.997171,24.53,,,,,,,,
,,2022-07-18 17:20:44.028148,1220.0,,,,,,
2022-07-18 17:20:44.048099,25.32,,,,,,,,
,,2022-07-18 17:20:44.078202,1270.0,,,,,,
2022-07-18 17:20:44.098956,26.15,,,,,,,,
,,2022-07-18 17:20:44.128978,1320.0,,,,,,
2022-07-18 17:20:44.149947,26.92,,,,,,,,
,,2022-07-18 17:20:44.179209,1340.0,,,,,,
2022-07-18 17:20:44.200259,27.47,,,,,,,,
,,2022-07-18 17:20:44.229564,1320.0,,,,,,
2022-07-18 17:20:44.250469,27.7,,,,,,,,
,,2022-07-18 17:20:44.280700,1330.0,,,,,,
2022-07-18 17:20:44.300822,26.85,,,,,,,,
,,2022-07-18 17:20:44.331338,1360.0,,,,,,
2022-07-18 17:20:44.351967,26.45,,,,,,,,
,,2022-07-18 17:20:44.381605,1380.0,,,,,,
2022-07-18 17:20:44.403032,27.07,,,,,,,,
,,2022-07-18 17:20:44.431784,1330.0,,,,,,
2022-07-18 17:20:44.454358,27.5,,,,,,,,
,,2022-07-18 17:20:44.482093,1320.0,,,,,,
2022-07-18 17:20:44.505070,27.78,,,,,,,,
,,2022-07-18 17:20:44.532381,1360.0,,,,,,
2022-07-18 17:20:44.555993,27.87,,,,,,,,
,,2022-07-18 17:20:44.582714,1350.0,,,,,,
2022-07-18 17:20:44.606275,28.07,,,,,,,,
,,2022-07-18 17:20:44.633448,1370.0,,,,,,
2022-07-18 17:20:44.656607,27.63,,,,,,,,
,,2022-07-18 17:20:44.683860,1330.0,,,,,,
2022-07-18 17:20:44.706847,27.4,,,,,,,,
,,2022-07-18 17:20:44.733995,1270.0,,,,,,
2022-07-18 17:20:44.757174,27.28,,,,,,,,
,,2022-07-18 17:20:44.784282,1220.0,,,,,,
2022-07-18 17:20:44.808323,27.08,,,,,,,,
,,2022-07-18 17:20:44.834430,1240.0,,,,,,
2022-07-18 17:20:44.859268,27.0,,,,,,,,
,,2022-07-18 17:20:44.884761,1300.0,,,,,,
2022-07-18 17:20:44.909734,26.65,,,,,,,,
,,2022-07-18 17:20:44.935955,1500.0,,,,,,
2022-07-18 17:20:44.959938,25.76,,,,,,,,
,,2022-07-18 17:20:44.987063,2100.0,,,,,,
2022-07-18 17:20:45.010699,25.21,,,,,,,,
,,2022-07-18 17:20:45.037581,3230.0,,,,,,
2022-07-18 17:20:45.061025,25.0,,,,,,,,
,,2022-07-18 17:20:45.087844,5050.0,,,,,,
2022-07-18 17:20:45.111053,24.62,,,,,,,,
,,2022-07-18 17:20:45.138184,7740.0,,,,,,
2022-07-18 17:20:45.162106,24.66,,,,,,,,
,,2022-07-18 17:20:45.188420,11130.0,,,,,,
2022-07-18 17:20:45.212787,24.68,,,,,,,,
,,2022-07-18 17:20:45.239113,14710.0,,,,,,
2022-07-18 17:20:45.263099,24.31,,,,,,,,
,,2022-07-18 17:20:45.289495,18140.0,,,,,,
2022-07-18 17:20:45.313345,23.54,,,,,,,,
,,2022-07-18 17:20:45.340508,21700.0,,,,,,
2022-07-18 17:20:45.363487,23.16,,,,,,,,
,,2022-07-18 17:20:45.390923,25140.0,,,,,,
2022-07-18 17:20:45.413860,22.37,,,,,,,,
,,2022-07-18 17:20:45.441950,27640.0,,,,,,
2022-07-18 17:20:45.464048,21.47,,,,,,,,
,,2022-07-18 17:20:45.492502,29510.0,,,,,,
2022-07-18 17:20:45.514529,21.43,,,,,,,,
,,2022-07-18 17:20:45.542603,31400.0,,,,,,
2022-07-18 17:20:45.565150,21.26,,,,,,,,
,,2022-07-18 17:20:45.593824,33710.0,,,,,,
2022-07-18 17:20:45.615187,20.32,,,,,,,,
,,2022-07-18 17:20:45.644170,35140.0,,,,,,
2022-07-18 17:20:45.665956,19.34,,,,,,,,
,,2022-07-18 17:20:45.695040,35560.0,,,,,,
2022-07-18 17:20:45.716431,18.47,,,,,,,,
,,2022-07-18 17:20:45.746041,35900.0,,,,,,
2022-07-18 17:20:45.766732,17.93,,,,,,,,
,,2022-07-18 17:20:45.796309,36490.0,,,,,,
2022-07-18 17:20:45.816764,17.91,,,,,,,,
,,2022-07-18 17:20:45.847416,37840.0,,,,,,
2022-07-18 17:20:45.866960,17.91,,,,,,,,
,,2022-07-18 17:20:45.897825,37840.0,,,,,,
2022-07-18 17:20:45.918227,17.49,,,,,,,,
,,2022-07-18 17:20:45.948325,38240.0,,,,,,
2022-07-18 17:20:45.969046,16.49,,,,,,,,
,,2022-07-18 17:20:45.999589,39060.0,,,,,,
2022-07-18 17:20:46.019246,16.65,,,,,,,,
,,2022-07-18 17:20:46.049866,39190.0,,,,,,
2022-07-18 17:20:46.070102,16.6,,,,,,,,
,,2022-07-18 17:20:46.100075,39980.0,,,,,,
2022-07-18 17:20:46.120531,16.21,,,,,,,,
,,2022-07-18 17:20:46.150392,40340.0,,,,,,
2022-07-18 17:20:46.170578,16.6,,,,,,,,
,,2022-07-18 17:20:46.201635,40570.0,,,,,,
2022-07-18 17:20:46.220846,16.94,,,,,,,,
,,2022-07-18 17:20:46.251956,41370.0,,,,,,
2022-07-18 17:20:46.272073,16.31,,,,,,,,
,,2022-07-18 17:20:46.303235,41570.0,,,,,,
2022-07-18 17:20:46.322326,15.77,,,,,,,,
,,2022-07-18 17:20:46.354059,41380.0,,,,,,
2022-07-18 17:20:46.373230,15.57,,,,,,,,
,,2022-07-18 17:20:46.404292,41530.0,,,,,,
2022-07-18 17:20:46.423533,15.81,,,,,,,,
,,2022-07-18 17:20:46.454528,41770.0,,,,,,
2022-07-18 17:20:46.474691,15.8,,,,,,,,
,,2022-07-18 17:20:46.505059,41870.0,,,,,,
2022-07-18 17:20:46.525333,15.75,,,,,,,,
,,2022-07-18 17:20:46.555301,42360.0,,,,,,
2022-07-18 17:20:46.575538,15.59,,,,,,,,
,,2022-07-18 17:20:46.606484,41960.0,,,,,,
2022-07-18 17:20:46.626064,15.16,,,,,,,,
,,2022-07-18 17:20:46.657583,41520.0,,,,,,
2022-07-18 17:20:46.676424,15.52,,,,,,,,
,,2022-07-18 17:20:46.707798,41820.0,,,,,,
2022-07-18 17:20:46.727284,15.79,,,,,,,,
,,2022-07-18 17:20:46.758103,42260.0,,,,,,
2022-07-18 17:20:46.778213,15.26,,,,,,,,
,,2022-07-18 17:20:46.808318,42110.0,,,,,,
2022-07-18 17:20:46.828420,14.59,,,,,,,,
,,2022-07-18 17:20:46.858547,41670.0,,,,,,
2022-07-18 17:20:46.878977,14.58,,,,,,,,
,,2022-07-18 17:20:46.996031,42310.0,,,,,,
2022-07-18 17:20:46.997035,14.46,,,,,,,,
,,2022-07-18 17:20:46.998033,42250.0,,,,,,
2022-07-18 17:20:46.999093,14.11,,,,,,,,
,,2022-07-18 17:20:47.020042,42350.0,,,,,,
2022-07-18 17:20:47.032290,13.74,,,,,,,,
,,2022-07-18 17:20:47.061038,43190.0,,,,,,
2022-07-18 17:20:47.083178,13.46,,,,,,,,
,,2022-07-18 17:20:47.111851,43190.0,,,,,,
2022-07-18 17:20:47.133355,13.5,,,,,,,,
,,2022-07-18 17:20:47.162699,43290.0,,,,,,
2022-07-18 17:20:47.183660,13.62,,,,,,,,
,,2022-07-18 17:20:47.212804,43780.0,,,,,,
2022-07-18 17:20:47.234044,12.5,,,,,,,,
,,2022-07-18 17:20:47.263740,43590.0,,,,,,
2022-07-18 17:20:47.284746,11.99,,,,,,,,
,,2022-07-18 17:20:47.314014,42740.0,,,,,,
2022-07-18 17:20:47.334934,12.93,,,,,,,,
,,2022-07-18 17:20:47.364182,42740.0,,,,,,
2022-07-18 17:20:47.385128,12.79,,,,,,,,
,,2022-07-18 17:20:47.415285,43480.0,,,,,,
2022-07-18 17:20:47.435318,12.15,,,,,,,,
,,2022-07-18 17:20:47.465665,43880.0,,,,,,
2022-07-18 17:20:47.485515,9.45,,,,,,,,
,,,,2022-07-18 17:20:47.486559,1.2494166666666666,,,,
,,2022-07-18 17:20:47.516327,43340.0,,,,,,
2022-07-18 17:20:47.536300,-5.56,,,,,,,,
,,2022-07-18 17:20:47.566536,43340.0,,,,,,
2022-07-18 17:20:47.586914,-22.44,,,,,,,,
,,2022-07-18 17:20:47.616910,43530.0,,,,,,
2022-07-18 17:20:47.636977,-29.24,,,,,,,,
,,2022-07-18 17:20:47.667120,43630.0,,,,,,
2022-07-18 17:20:47.688311,-31.17,,,,,,,,
,,2022-07-18 17:20:47.717355,44130.0,,,,,,
2022-07-18 17:20:47.738346,-32.49,,,,,,,,
,,2022-07-18 17:20:47.767802,43190.0,,,,,,
2022-07-18 17:20:47.789373,-33.42,,,,,,,,
,,2022-07-18 17:20:47.818024,42780.0,,,,,,
2022-07-18 17:20:47.839762,-34.03,,,,,,,,
,,2022-07-18 17:20:47.868643,43780.0,,,,,,
2022-07-18 17:20:47.889756,-34.54,,,,,,,,
,,2022-07-18 17:20:47.918908,44080.0,,,,,,
2022-07-18 17:20:47.939986,-34.39,,,,,,,,
,,2022-07-18 17:20:47.970185,43930.0,,,,,,
2022-07-18 17:20:47.990676,-34.51,,,,,,,,
,,2022-07-18 17:20:48.020206,44230.0,,,,,,
2022-07-18 17:20:48.041348,-34.36,,,,,,,,
,,2022-07-18 17:20:48.070994,44330.0,,,,,,
2022-07-18 17:20:48.091538,-33.91,,,,,,,,
,,2022-07-18 17:20:48.121305,44330.0,,,,,,
2022-07-18 17:20:48.141796,-33.61,,,,,,,,
,,2022-07-18 17:20:48.171546,44280.0,,,,,,
2022-07-18 17:20:48.192735,-33.79,,,,,,,,
,,2022-07-18 17:20:48.221643,44080.0,,,,,,
2022-07-18 17:20:48.243689,-33.89,,,,,,,,
,,2022-07-18 17:20:48.272480,44330.0,,,,,,
2022-07-18 17:20:48.294511,-33.87,,,,,,,,
,,2022-07-18 17:20:48.323761,44280.0,,,,,,
2022-07-18 17:20:48.344930,-33.12,,,,,,,,
,,2022-07-18 17:20:48.373782,44130.0,,,,,,
2022-07-18 17:20:48.396011,-32.4,,,,,,,,
,,2022-07-18 17:20:48.424006,44080.0,,,,,,
2022-07-18 17:20:48.446872,-31.73,,,,,,,,
,,2022-07-18 17:20:48.474286,43080.0,,,,,,
2022-07-18 17:20:48.496842,-30.96,,,,,,,,
,,2022-07-18 17:20:48.524543,41020.0,,,,,,
2022-07-18 17:20:48.547779,-30.16,,,,,,,,
,,2022-07-18 17:20:48.575441,35370.0,,,,,,
2022-07-18 17:20:48.598425,-29.34,,,,,,,,
,,2022-07-18 17:20:48.626409,27940.0,,,,,,
2022-07-18 17:20:48.649229,-28.21,,,,,,,,
,,2022-07-18 17:20:48.677519,22010.0,,,,,,
2022-07-18 17:20:48.699617,-27.07,,,,,,,,
,,2022-07-18 17:20:48.727541,16920.0,,,,,,
,,,,,,2022-07-18 17:20:48.727541,24.74305667520913,,
,,,,,,,,2022-07-18 17:20:48.727541,44330.0
2022-07-18 17:20:48.750694,-26.19,,,,,,,,
,,2022-07-18 17:20:48.778036,12700.0,,,,,,
2022-07-18 17:20:48.801232,-25.37,,,,,,,,
,,2022-07-18 17:20:48.829491,9700.0,,,,,,
2022-07-18 17:20:48.851558,-24.96,,,,,,,,
,,2022-07-18 17:20:48.878983,7570.0,,,,,,
2022-07-18 17:20:48.902226,-24.81,,,,,,,,
,,2022-07-18 17:20:48.929205,6200.0,,,,,,
2022-07-18 17:20:48.953059,-24.32,,,,,,,,
,,2022-07-18 17:20:48.979765,4980.0,,,,,,
2022-07-18 17:20:49.003482,-23.54,,,,,,,,
,,2022-07-18 17:20:49.030675,3900.0,,,,,,
2022-07-18 17:20:49.053694,-23.12,,,,,,,,
,,2022-07-18 17:20:49.081457,3230.0,,,,,,
2022-07-18 17:20:49.104623,-22.95,,,,,,,,
,,2022-07-18 17:20:49.132600,2720.0,,,,,,
2022-07-18 17:20:49.155790,-22.9,,,,,,,,
,,2022-07-18 17:20:49.182940,2510.0,,,,,,
2022-07-18 17:20:49.206404,-22.39,,,,,,,,
,,2022-07-18 17:20:49.233855,2390.0,,,,,,
2022-07-18 17:20:49.256689,-21.7,,,,,,,,
,,2022-07-18 17:20:49.284757,2120.0,,,,,,
2022-07-18 17:20:49.307337,-21.47,,,,,,,,
,,2022-07-18 17:20:49.334944,1900.0,,,,,,
2022-07-18 17:20:49.357601,-21.73,,,,,,,,
,,2022-07-18 17:20:49.385257,1750.0,,,,,,
2022-07-18 17:20:49.407874,-21.22,,,,,,,,
,,2022-07-18 17:20:49.435564,1660.0,,,,,,
2022-07-18 17:20:49.458034,-20.3,,,,,,,,
,,2022-07-18 17:20:49.485814,1630.0,,,,,,
2022-07-18 17:20:49.508716,-19.95,,,,,,,,
,,2022-07-18 17:20:49.536326,1580.0,,,,,,
2022-07-18 17:20:49.558813,-19.97,,,,,,,,
,,2022-07-18 17:20:49.587074,1470.0,,,,,,
2022-07-18 17:20:49.610056,-18.93,,,,,,,,
,,2022-07-18 17:20:49.637116,1580.0,,,,,,
2022-07-18 17:20:49.660326,-17.86,,,,,,,,
,,2022-07-18 17:20:49.688441,1580.0,,,,,,
2022-07-18 17:20:49.710619,-17.32,,,,,,,,
,,2022-07-18 17:20:49.739491,1440.0,,,,,,
2022-07-18 17:20:49.761590,-17.71,,,,,,,,
,,2022-07-18 17:20:49.789726,1510.0,,,,,,
2022-07-18 17:20:49.811974,-18.17,,,,,,,,
,,2022-07-18 17:20:49.840000,1430.0,,,,,,
2022-07-18 17:20:49.862333,-17.5,,,,,,,,
,,2022-07-18 17:20:49.890320,1310.0,,,,,,
2022-07-18 17:20:49.912573,-17.1,,,,,,,,
,,2022-07-18 17:20:49.940608,1330.0,,,,,,
2022-07-18 17:20:49.963429,-16.76,,,,,,,,
,,2022-07-18 17:20:49.990811,1300.0,,,,,,
2022-07-18 17:20:50.013625,-17.01,,,,,,,,
,,2022-07-18 17:20:50.041911,1270.0,,,,,,
2022-07-18 17:20:50.063860,-17.78,,,,,,,,
,,2022-07-18 17:20:50.092886,1330.0,,,,,,
2022-07-18 17:20:50.114071,-17.64,,,,,,,,
,,2022-07-18 17:20:50.142889,1330.0,,,,,,
2022-07-18 17:20:50.164312,-17.49,,,,,,,,
,,2022-07-18 17:20:50.193448,1280.0,,,,,,
2022-07-18 17:20:50.214529,-16.84,,,,,,,,
,,2022-07-18 17:20:50.243622,1280.0,,,,,,
2022-07-18 17:20:50.264708,-17.79,,,,,,,,
,,2022-07-18 17:20:50.293904,1290.0,,,,,,
2022-07-18 17:20:50.315754,-18.19,,,,,,,,
,,2022-07-18 17:20:50.344167,1210.0,,,,,,
2022-07-18 17:20:50.366565,-17.8,,,,,,,,
,,2022-07-18 17:20:50.394562,1300.0,,,,,,
2022-07-18 17:20:50.416831,-17.05,,,,,,,,
,,2022-07-18 17:20:50.445074,1330.0,,,,,,
2022-07-18 17:20:50.467312,-16.71,,,,,,,,
,,2022-07-18 17:20:50.495261,1250.0,,,,,,
2022-07-18 17:20:50.517503,-16.2,,,,,,,,
,,2022-07-18 17:20:50.546182,1290.0,,,,,,
2022-07-18 17:20:50.567753,-16.2,,,,,,,,
,,2022-07-18 17:20:50.596942,1300.0,,,,,,
2022-07-18 17:20:50.617971,-13.97,,,,,,,,
,,2022-07-18 17:20:50.647474,1300.0,,,,,,
2022-07-18 17:20:50.668383,-13.47,,,,,,,,
,,2022-07-18 17:20:50.698570,1350.0,,,,,,
2022-07-18 17:20:50.719194,-12.48,,,,,,,,
,,2022-07-18 17:20:50.749803,1260.0,,,,,,
2022-07-18 17:20:50.769424,-12.05,,,,,,,,
,,2022-07-18 17:20:50.800873,1230.0,,,,,,
2022-07-18 17:20:50.819770,-13.29,,,,,,,,
,,2022-07-18 17:20:50.852120,1280.0,,,,,,
2022-07-18 17:20:50.870695,-12.23,,,,,,,,
,,2022-07-18 17:20:50.902812,1210.0,,,,,,
2022-07-18 17:20:50.921912,-11.54,,,,,,,,
,,2022-07-18 17:20:50.952998,1210.0,,,,,,
2022-07-18 17:20:50.972675,-11.04,,,,,,,,
,,2022-07-18 17:20:51.003533,1230.0,,,,,,
2022-07-18 17:20:51.023886,-10.4,,,,,,,,
,,2022-07-18 17:20:51.055102,1180.0,,,,,,
2022-07-18 17:20:51.075007,-10.05,,,,,,,,
,,2022-07-18 17:20:51.105791,1230.0,,,,,,
2022-07-18 17:20:51.126236,-9.34,,,,,,,,
,,2022-07-18 17:20:51.156093,1240.0,,,,,,
2022-07-18 17:20:51.176508,-9.03,,,,,,,,
,,2022-07-18 17:20:51.207634,1200.0,,,,,,
2022-07-18 17:20:51.227537,-8.63,,,,,,,,
,,2022-07-18 17:20:51.257001,1190.0,,,,,,
2022-07-18 17:20:51.277976,-6.56,,,,,,,,
,,2022-07-18 17:20:51.308153,1140.0,,,,,,
2022-07-18 17:20:51.328080,-3.03,,,,,,,,
,,2022-07-18 17:20:51.358553,1140.0,,,,,,
2022-07-18 17:20:51.378315,7.6,,,,,,,,
,,2022-07-18 17:20:51.408773,1260.0,,,,,,
2022-07-18 17:20:51.428619,13.71,,,,,,,,
,,2022-07-18 17:20:51.459852,1290.0,,,,,,
2022-07-18 17:20:51.478933,12.48,,,,,,,,
,,2022-07-18 17:20:51.509920,1210.0,,,,,,
2022-07-18 17:20:51.529462,14.72,,,,,,,,
,,2022-07-18 17:20:51.561328,1210.0,,,,,,
2022-07-18 17:20:51.580215,19.14,,,,,,,,
,,2022-07-18 17:20:51.612314,1200.0,,,,,,
2022-07-18 17:20:51.630709,21.66,,,,,,,,
,,2022-07-18 17:20:51.662502,1340.0,,,,,,
2022-07-18 17:20:51.681039,23.54,,,,,,,,
,,2022-07-18 17:20:51.712804,1300.0,,,,,,
2022-07-18 17:20:51.731412,24.83,,,,,,,,
,,2022-07-18 17:20:51.763091,1180.0,,,,,,
2022-07-18 17:20:51.781433,25.13,,,,,,,,
,,2022-07-18 17:20:51.813384,1330.0,,,,,,
2022-07-18 17:20:51.832545,25.35,,,,,,,,
,,2022-07-18 17:20:51.863956,1300.0,,,,,,
2022-07-18 17:20:51.883692,24.13,,,,,,,,
,,2022-07-18 17:20:51.914005,1240.0,,,,,,
2022-07-18 17:20:51.934031,23.71,,,,,,,,
,,2022-07-18 17:20:51.964156,1310.0,,,,,,
2022-07-18 17:20:51.984219,23.79,,,,,,,,
,,2022-07-18 17:20:52.015244,1310.0,,,,,,
2022-07-18 17:20:52.034542,23.75,,,,,,,,
,,2022-07-18 17:20:52.065451,1320.0,,,,,,
2022-07-18 17:20:52.085077,23.66,,,,,,,,
,,2022-07-18 17:20:52.116079,1370.0,,,,,,
2022-07-18 17:20:52.135361,23.4,,,,,,,,
,,2022-07-18 17:20:52.167038,1360.0,,,,,,
2022-07-18 17:20:52.185680,23.33,,,,,,,,
,,2022-07-18 17:20:52.217978,1340.0,,,,,,
2022-07-18 17:20:52.236228,23.02,,,,,,,,
,,2022-07-18 17:20:52.268423,1350.0,,,,,,
2022-07-18 17:20:52.286466,23.06,,,,,,,,
,,2022-07-18 17:20:52.318472,1390.0,,,,,,
2022-07-18 17:20:52.336740,23.12,,,,,,,,
,,2022-07-18 17:20:52.368831,1350.0,,,,,,
2022-07-18 17:20:52.387251,22.63,,,,,,,,
,,2022-07-18 17:20:52.418902,1390.0,,,,,,
2022-07-18 17:20:52.437827,22.8,,,,,,,,
,,2022-07-18 17:20:52.469140,1530.0,,,,,,
2022-07-18 17:20:52.488460,23.13,,,,,,,,
,,2022-07-18 17:20:52.519859,1490.0,,,,,,
2022-07-18 17:20:52.538698,23.2,,,,,,,,
,,2022-07-18 17:20:52.570880,1470.0,,,,,,
2022-07-18 17:20:52.589791,22.06,,,,,,,,
,,2022-07-18 17:20:52.621843,1450.0,,,,,,
2022-07-18 17:20:52.639978,21.26,,,,,,,,
,,2022-07-18 17:20:52.672028,1410.0,,,,,,
2022-07-18 17:20:52.690104,21.1,,,,,,,,
,,2022-07-18 17:20:52.723236,1450.0,,,,,,
2022-07-18 17:20:52.741075,20.7,,,,,,,,
,,2022-07-18 17:20:52.773528,1370.0,,,,,,
2022-07-18 17:20:52.791256,20.39,,,,,,,,
,,2022-07-18 17:20:52.823990,1510.0,,,,,,
2022-07-18 17:20:52.841780,20.13,,,,,,,,
,,2022-07-18 17:20:53.869448,2020.0,,,,,,
2022-07-18 17:20:53.872458,19.85,,,,,,,,
,,2022-07-18 17:20:53.873456,2840.0,,,,,,
2022-07-18 17:20:53.875458,19.33,,,,,,,,
,,2022-07-18 17:20:53.876456,4010.0,,,,,,
2022-07-18 17:20:53.877456,19.32,,,,,,,,
,,2022-07-18 17:20:53.877456,5950.0,,,,,,
2022-07-18 17:20:53.879265,19.54,,,,,,,,
,,2022-07-18 17:20:53.879265,8430.0,,,,,,
2022-07-18 17:20:53.880450,19.65,,,,,,,,
,,2022-07-18 17:20:53.881470,11030.0,,,,,,
2022-07-18 17:20:53.882272,19.72,,,,,,,,
,,2022-07-18 17:20:53.883320,13680.0,,,,,,
2022-07-18 17:20:53.883712,19.99,,,,,,,,
,,2022-07-18 17:20:53.884765,16490.0,,,,,,
2022-07-18 17:20:53.885841,19.81,,,,,,,,
,,2022-07-18 17:20:53.886857,18850.0,,,,,,
2022-07-18 17:20:53.887928,19.22,,,,,,,,
,,2022-07-18 17:20:53.887928,21140.0,,,,,,
2022-07-18 17:20:53.888894,19.33,,,,,,,,
,,2022-07-18 17:20:53.888894,23500.0,,,,,,
2022-07-18 17:20:53.889991,19.3,,,,,,,,
,,2022-07-18 17:20:53.889991,25760.0,,,,,,
2022-07-18 17:20:53.890990,19.21,,,,,,,,
,,2022-07-18 17:20:53.892060,27750.0,,,,,,
2022-07-18 17:20:53.892990,18.66,,,,,,,,
,,2022-07-18 17:20:53.892990,28510.0,,,,,,
2022-07-18 17:20:53.893796,18.05,,,,,,,,
,,2022-07-18 17:20:53.893796,29620.0,,,,,,
2022-07-18 17:20:53.894825,17.71,,,,,,,,
,,2022-07-18 17:20:53.894825,31260.0,,,,,,
2022-07-18 17:20:53.895876,17.01,,,,,,,,
,,2022-07-18 17:20:53.895876,32640.0,,,,,,
2022-07-18 17:20:53.897874,16.52,,,,,,,,
,,2022-07-18 17:20:53.897874,33390.0,,,,,,
2022-07-18 17:20:53.898898,15.92,,,,,,,,
,,2022-07-18 17:20:53.898898,34200.0,,,,,,
2022-07-18 17:20:53.900855,15.66,,,,,,,,
,,2022-07-18 17:20:53.900855,35520.0,,,,,,
2022-07-18 17:20:53.902324,15.26,,,,,,,,
,,2022-07-18 17:20:53.914962,35870.0,,,,,,
2022-07-18 17:20:53.916965,15.73,,,,,,,,
,,2022-07-18 17:20:53.933825,35870.0,,,,,,
,,2022-07-18 17:20:53.985045,36930.0,,,,,,
,,2022-07-18 17:20:54.036172,37980.0,,,,,,
,,2022-07-18 17:20:54.086755,38800.0,,,,,,
,,2022-07-18 17:20:54.137935,39160.0,,,,,,
,,2022-07-18 17:20:54.188350,39380.0,,,,,,
,,2022-07-18 17:20:54.238890,39610.0,,,,,,
